{"cameraMode":{"drawMode":0,"name":"Shaded","section":"Shading Mode"},"sceneLighting":true,"audioPlay":false,"sceneViewState":{"showFog":true,"showMaterialUpdate":false,"showSkybox":true,"showFlares":true,"showImageEffects":true,"showParticleSystems":true},"in2DMode":false,"pivot":{"x":-27.099105834960939,"y":-13.973567962646485,"z":-70.95780181884766},"rotation":{"x":-0.22833161056041718,"y":-0.7291058897972107,"z":0.2886126637458801,"w":-0.5773049592971802},"size":17.834535598754884,"orthographic":false}