{"cameraMode":{"drawMode":0,"name":"Shaded","section":"Shading Mode"},"sceneLighting":false,"audioPlay":false,"sceneViewState":{"showFog":true,"showMaterialUpdate":false,"showSkybox":false,"showFlares":true,"showImageEffects":true,"showParticleSystems":true},"in2DMode":false,"pivot":{"x":-5.901790618896484,"y":-20.83284568786621,"z":-44.242225646972659},"rotation":{"x":-0.058816809207201007,"y":-0.9230974912643433,"z":0.15687696635723115,"w":-0.3465914726257324},"size":36.14280700683594,"orthographic":false}